68550;(711;340);(510;446);(626;553);(581;603);
68551;(711;340);(510;446);(626;553);(581;603);
68552;(711;340);(510;446);(626;553);(581;603);
68553;(711;340);(510;446);(626;553);(581;603);
68554;(711;340);(510;446);(626;553);(581;603);
68555;(711;340);(510;446);(626;553);(581;603);
68556;(712;340);(510;446);(626;552);(581;603);
68557;(712;340);(510;446);(626;552);(581;603);
68558;(712;340);(510;446);(626;552);(581;603);
68559;(712;340);(510;446);(626;552);(581;603);
68560;(712;340);(510;446);(626;552);(581;603);
68561;(712;340);(510;446);(626;552);(581;603);
68562;(712;340);(510;446);(626;552);(581;603);
68563;(712;340);(510;446);(626;552);(581;603);
68564;(712;340);(510;446);(626;552);(581;603);
68565;(712;340);(510;446);(626;552);(581;603);
68566;(712;340);(510;446);(626;552);(581;603);
68567;(712;340);(510;446);(626;553);(581;603);
68568;(711;340);(510;446);(626;552);(581;603);
68569;(711;340);(510;446);(626;552);(581;603);
68570;(711;340);(510;446);(626;552);(581;603);
68571;(711;340);(510;446);(626;552);(581;603);
68572;(711;340);(510;446);(626;552);(581;603);
68573;(711;340);(510;446);(626;552);(581;603);
68574;(711;340);(510;446);(626;552);(581;603);
68575;(711;340);(510;446);(626;552);(581;603);
68576;(711;340);(510;446);(626;552);(581;603);
68577;(711;340);(510;446);(626;552);(581;603);
68578;(711;340);(510;446);(626;552);(581;603);
68579;(711;340);(510;446);(626;552);(581;603);
68580;(712;340);(510;446);(626;553);(581;603);
68581;(712;340);(510;446);(626;553);(581;603);
68582;(712;340);(510;446);(626;552);(581;603);
68583;(712;340);(510;446);(626;552);(581;603);
68584;(712;340);(510;446);(626;552);(581;603);
68585;(712;340);(510;446);(626;552);(581;603);
68586;(712;340);(510;446);(626;552);(581;603);
68587;(712;340);(510;446);(626;553);(581;603);
68588;(712;340);(510;446);(626;553);(581;603);
68589;(712;340);(510;446);(626;553);(581;603);
68590;(712;340);(510;446);(626;553);(581;603);
68591;(712;340);(510;446);(626;553);(581;603);
68592;(712;340);(510;447);(626;553);(581;603);
68593;(712;340);(510;447);(626;553);(581;603);
68594;(712;340);(510;447);(626;553);(581;603);
68595;(712;340);(510;447);(626;553);(581;603);
68596;(712;340);(510;447);(626;553);(581;603);
68597;(712;340);(510;447);(626;553);(581;603);
68598;(712;340);(510;447);(626;553);(581;603);
68599;(712;340);(510;447);(626;553);(581;603);
68600;(712;340);(510;447);(626;553);(581;603);
68601;(712;340);(510;447);(626;553);(581;603);
68602;(712;340);(510;447);(626;553);(581;603);
68603;(712;340);(510;447);(626;553);(581;603);
68604;(712;340);(510;447);(626;553);(581;603);
68605;(712;340);(510;447);(626;553);(581;603);
68606;(712;340);(510;446);(626;552);(581;603);
68607;(712;340);(510;446);(626;552);(581;603);
68608;(712;340);(510;446);(626;552);(581;603);
68609;(712;340);(510;446);(626;552);(581;603);
68610;(712;340);(510;446);(626;552);(581;603);
68611;(712;340);(510;446);(626;552);(581;603);
68612;(712;340);(510;446);(626;552);(581;603);
68613;(712;340);(510;446);(626;552);(581;603);
68614;(712;340);(510;446);(626;552);(581;603);
68615;(712;340);(510;446);(626;552);(581;603);
68616;(712;340);(510;446);(626;552);(581;603);
68617;(712;340);(510;446);(626;552);(581;603);
68618;(712;340);(510;446);(626;552);(581;603);
68619;(712;340);(510;446);(626;552);(581;603);
68620;(712;340);(510;446);(626;552);(581;603);
68621;(712;340);(510;446);(626;552);(581;603);
68622;(712;340);(510;446);(626;552);(581;603);
68623;(712;340);(510;446);(626;552);(581;603);
68624;(712;340);(510;446);(626;552);(581;603);
68625;(712;340);(510;446);(626;552);(581;603);
68626;(712;340);(510;446);(626;552);(581;603);
68627;(712;340);(510;446);(626;552);(581;603);
68628;(712;340);(510;446);(626;552);(581;603);
68629;(712;340);(510;446);(626;552);(581;603);
68630;(712;340);(510;446);(626;552);(581;603);
68631;(712;340);(510;446);(626;552);(581;603);
68632;(712;340);(510;446);(626;552);(581;603);
68633;(712;340);(510;446);(626;552);(581;603);
68634;(712;340);(510;446);(626;552);(581;603);
68635;(712;340);(510;446);(626;552);(581;603);
68636;(712;340);(510;446);(626;552);(581;603);
68637;(712;340);(510;446);(626;552);(581;603);
68638;(712;340);(510;446);(626;552);(581;603);
68639;(712;340);(510;446);(626;552);(581;603);
68640;(712;340);(510;446);(626;553);(581;603);
68641;(712;340);(510;446);(626;552);(581;603);
68642;(712;340);(510;446);(626;552);(581;603);
68643;(712;340);(510;446);(626;552);(581;603);
68644;(712;340);(510;446);(626;552);(581;603);
68645;(712;340);(510;446);(626;552);(581;603);
68646;(712;340);(510;446);(626;552);(581;603);
68647;(712;340);(510;446);(626;552);(581;603);
68648;(712;340);(510;446);(626;552);(581;603);
68649;(712;340);(510;446);(626;552);(581;603);
68650;(712;340);(510;446);(626;552);(581;603);
68651;(712;340);(510;446);(626;552);(581;603);
68652;(712;340);(510;446);(626;552);(581;603);
68653;(712;340);(510;446);(626;552);(581;603);
68654;(712;340);(510;446);(626;552);(581;603);
68655;(712;340);(510;446);(626;552);(581;603);
68656;(712;340);(510;446);(626;552);(581;603);
68657;(712;340);(510;446);(626;552);(581;603);
68658;(712;340);(510;446);(626;552);(581;603);
68659;(712;340);(510;446);(626;552);(581;603);
68660;(712;340);(510;446);(626;552);(581;603);
68661;(712;340);(510;446);(626;552);(581;603);
68662;(712;340);(510;446);(626;552);(581;603);
68663;(712;340);(510;446);(626;552);(581;603);
68664;(712;340);(510;446);(626;552);(581;603);
68665;(712;340);(510;446);(626;552);(581;603);
68666;(712;340);(510;446);(626;552);(581;603);
68667;(712;340);(510;446);(626;552);(581;603);
68668;(712;340);(510;446);(626;552);(581;603);
68669;(712;340);(510;446);(626;552);(581;603);
68670;(712;340);(510;446);(626;552);(581;603);
68671;(712;340);(510;446);(626;552);(581;603);
68672;(712;340);(510;446);(626;552);(581;603);
68673;(712;340);(510;446);(626;552);(581;603);
68674;(712;340);(510;446);(626;552);(581;603);
68675;(712;340);(510;446);(626;552);(581;603);
68676;(712;339);(510;446);(626;553);(581;603);
68677;(712;339);(510;446);(626;553);(581;603);
68678;(712;339);(510;446);(626;553);(581;603);
68679;(712;339);(510;446);(626;553);(581;603);
68680;(712;339);(510;446);(626;553);(581;603);
68681;(712;339);(510;446);(626;553);(581;603);
68682;(712;339);(510;446);(626;553);(581;603);
68683;(712;339);(510;446);(626;553);(581;603);
68684;(712;339);(510;446);(626;553);(581;603);
68685;(712;339);(510;446);(626;553);(581;603);
68686;(712;339);(510;446);(626;553);(581;603);
68687;(712;339);(510;446);(626;552);(581;603);
68688;(712;339);(510;446);(626;552);(581;603);
68689;(712;339);(510;446);(626;553);(581;603);
68690;(712;339);(510;446);(626;553);(581;603);
68691;(712;339);(510;446);(626;553);(581;603);
68692;(712;339);(510;446);(626;553);(581;603);
68693;(712;339);(510;446);(626;553);(581;603);
68694;(712;339);(510;446);(626;553);(581;603);
68695;(712;339);(510;446);(626;553);(581;603);
68696;(712;339);(510;446);(626;553);(581;603);
68697;(712;339);(510;446);(626;553);(581;603);
68698;(712;339);(510;446);(626;553);(581;603);
68699;(712;339);(510;446);(626;553);(581;603);
68700;(712;339);(510;446);(626;553);(581;603);
68701;(712;339);(510;446);(626;553);(581;603);
68702;(712;339);(510;446);(626;552);(581;603);
68703;(712;339);(510;446);(626;552);(581;603);
68704;(712;339);(510;446);(626;552);(581;603);
68705;(712;339);(510;446);(626;552);(581;603);
68706;(712;339);(510;446);(626;552);(581;603);
68707;(712;339);(510;446);(626;552);(581;603);
68708;(712;339);(510;446);(626;552);(581;603);
68709;(712;339);(510;446);(626;552);(581;603);
68710;(712;339);(510;446);(626;552);(581;603);
68711;(712;339);(510;446);(626;552);(581;603);
68712;(712;340);(510;446);(626;552);(581;603);
68713;(712;340);(510;446);(626;552);(581;603);
68714;(712;340);(510;446);(626;552);(581;603);
68715;(712;340);(510;446);(626;552);(581;603);
68716;(712;340);(510;446);(626;552);(581;603);
68717;(712;340);(510;446);(626;552);(581;603);
68718;(712;340);(510;446);(626;552);(581;603);
68719;(712;340);(510;446);(626;552);(581;603);
68720;(712;340);(510;446);(626;552);(581;603);
68721;(712;340);(510;446);(626;552);(581;603);
68722;(712;340);(510;446);(626;552);(581;603);
68723;(712;340);(510;446);(626;552);(581;603);
68724;(712;340);(510;446);(626;552);(581;603);
68725;(712;340);(510;446);(626;552);(581;603);
68726;(712;340);(510;446);(626;552);(581;603);
68727;(712;340);(510;446);(626;552);(581;603);
68728;(712;340);(510;446);(626;552);(581;603);
68729;(712;340);(510;446);(626;552);(581;603);
68730;(712;340);(510;446);(626;552);(581;603);
68731;(712;340);(510;446);(626;552);(581;603);
68732;(712;340);(510;446);(626;552);(581;603);
68733;(712;340);(510;446);(626;552);(581;603);
68734;(712;340);(510;446);(626;553);(581;603);
68735;(712;340);(510;446);(626;553);(581;603);
68736;(712;340);(510;446);(626;553);(581;603);
68737;(712;340);(510;446);(626;553);(581;603);
68738;(712;340);(510;446);(626;553);(581;603);
68739;(712;340);(510;446);(626;553);(581;603);
68740;(712;340);(510;446);(626;553);(581;603);
68741;(712;340);(510;446);(626;553);(581;603);
68742;(712;340);(510;446);(626;553);(581;603);
68743;(712;340);(510;446);(626;553);(581;603);
68744;(712;340);(510;446);(626;553);(581;603);
68745;(712;340);(510;446);(626;552);(581;603);
68746;(712;340);(510;446);(626;552);(581;603);
68747;(712;340);(510;446);(626;552);(581;603);
68748;(712;340);(511;446);(626;552);(581;603);
68749;(712;340);(511;446);(626;552);(581;603);
68750;(712;340);(511;446);(626;552);(581;603);
68751;(712;340);(511;446);(626;552);(581;603);
68752;(712;340);(511;446);(626;552);(581;603);
68753;(712;340);(510;446);(626;552);(581;603);
68754;(712;340);(510;446);(626;552);(581;603);
68755;(712;340);(510;446);(626;552);(581;603);
68756;(712;340);(510;446);(626;552);(581;603);
68757;(712;340);(510;446);(626;552);(581;603);
68758;(712;340);(510;446);(626;552);(581;603);
68759;(712;340);(510;446);(626;552);(581;603);
68760;(712;339);(510;446);(626;552);(581;603);
68761;(712;339);(510;446);(626;552);(581;603);
68762;(712;339);(510;446);(626;552);(581;603);
68763;(712;339);(510;446);(626;552);(581;603);
68764;(712;339);(510;446);(626;552);(581;603);
68765;(712;339);(510;446);(626;552);(581;603);
68766;(712;339);(510;446);(626;552);(581;603);
68767;(712;339);(510;446);(626;552);(581;603);
68768;(712;339);(510;446);(626;552);(581;603);
68769;(712;339);(510;446);(626;552);(581;603);
68770;(712;339);(510;446);(626;552);(581;603);
68771;(712;339);(510;446);(626;552);(581;603);
68772;(712;340);(511;446);(626;552);(581;603);
68773;(712;340);(511;446);(626;552);(581;603);
68774;(712;340);(511;446);(626;552);(581;603);
68775;(712;340);(511;446);(626;552);(581;603);
68776;(712;340);(511;446);(626;552);(581;603);
68777;(712;340);(511;446);(626;552);(581;603);
68778;(712;340);(511;446);(626;552);(581;603);
68779;(712;340);(511;446);(626;552);(581;603);
68780;(712;340);(511;446);(626;552);(581;603);
68781;(712;340);(511;446);(626;552);(581;603);
68782;(712;340);(511;446);(626;552);(581;603);
68783;(712;340);(511;446);(626;552);(581;603);
68784;(712;340);(511;446);(626;552);(581;603);
68785;(712;340);(511;446);(626;552);(581;603);
68786;(712;340);(511;446);(626;552);(581;603);
68787;(712;340);(511;446);(626;552);(581;603);
68788;(712;340);(511;446);(626;552);(581;603);
68789;(712;340);(511;446);(626;552);(581;603);
68790;(712;340);(511;446);(626;552);(581;603);
68791;(712;340);(511;446);(626;552);(581;603);
68792;(712;340);(511;446);(626;552);(581;603);
68793;(712;340);(511;446);(626;552);(581;603);
68794;(712;340);(511;446);(626;552);(581;603);
68795;(712;340);(511;446);(626;552);(581;603);
68796;(712;340);(511;446);(626;552);(581;603);
68797;(712;340);(511;446);(626;552);(581;603);
68798;(712;340);(511;446);(626;552);(581;603);
68799;(712;340);(511;446);(626;552);(581;603);
68800;(712;340);(511;446);(626;552);(581;603);
68801;(712;340);(511;446);(626;552);(581;603);
68802;(712;340);(511;446);(626;552);(581;603);
68803;(712;340);(511;446);(626;552);(581;603);
68804;(712;340);(511;446);(626;552);(581;603);
68805;(712;340);(511;446);(626;552);(581;603);
68806;(712;340);(511;446);(626;552);(581;603);
68807;(712;340);(511;446);(626;552);(581;603);
68808;(712;340);(511;446);(626;552);(581;603);
68809;(712;340);(511;446);(626;552);(581;603);
68810;(712;340);(511;446);(626;552);(581;603);
68811;(712;340);(511;446);(626;552);(581;603);
68812;(712;340);(511;446);(626;552);(581;603);
68813;(712;340);(511;446);(626;552);(581;603);
68814;(712;340);(511;446);(626;552);(581;603);
68815;(712;340);(511;446);(626;552);(581;603);
68816;(712;340);(511;446);(626;552);(581;603);
68817;(712;340);(511;446);(626;552);(581;603);
68818;(712;340);(511;446);(626;552);(581;603);
68819;(712;340);(511;446);(626;552);(581;603);
68820;(712;340);(511;446);(626;552);(581;603);
68821;(712;340);(511;446);(626;552);(581;603);
68822;(712;340);(511;446);(626;552);(581;603);
68823;(712;340);(511;446);(626;552);(581;603);
68824;(712;340);(511;446);(626;552);(581;603);
68825;(712;340);(511;446);(626;552);(581;603);
68826;(712;340);(511;446);(626;552);(581;603);
68827;(712;340);(511;446);(626;552);(581;603);
68828;(712;340);(511;446);(626;552);(581;603);
68829;(712;340);(511;446);(626;552);(581;603);
68830;(712;340);(511;446);(626;552);(581;603);
68831;(712;340);(511;446);(626;552);(581;603);
68832;(712;340);(510;446);(626;552);(581;603);
68833;(712;340);(510;446);(626;552);(581;603);
68834;(712;340);(510;446);(626;552);(581;603);
68835;(712;340);(510;446);(626;552);(581;603);
68836;(712;340);(510;446);(626;552);(581;603);
68837;(712;340);(510;446);(626;552);(581;603);
68838;(712;340);(510;446);(626;552);(581;603);
68839;(712;340);(510;446);(626;552);(581;603);
68840;(712;340);(510;446);(626;552);(581;603);
68841;(712;340);(510;446);(626;552);(581;603);
68842;(712;340);(510;446);(626;552);(581;603);
68843;(712;340);(510;446);(626;552);(581;603);
68844;(712;340);(510;446);(626;552);(581;603);
68845;(712;340);(510;446);(626;552);(581;603);
68846;(712;340);(511;446);(626;552);(581;603);
68847;(712;340);(511;446);(626;552);(581;603);
68848;(712;340);(511;446);(626;552);(581;603);
68849;(712;340);(511;446);(626;552);(581;603);
68850;(712;340);(511;446);(626;552);(581;603);
68851;(712;340);(511;446);(626;552);(581;603);
68852;(712;340);(511;446);(626;552);(581;603);
68853;(712;340);(511;446);(626;552);(581;603);
68854;(712;340);(511;446);(626;552);(581;603);
68855;(712;340);(511;446);(626;552);(581;603);
68856;(712;340);(511;446);(626;552);(581;603);
68857;(712;340);(511;446);(626;552);(581;603);
68858;(712;340);(511;446);(626;552);(581;603);
68859;(712;340);(511;446);(626;552);(581;603);
68860;(712;340);(511;446);(626;552);(581;603);
68861;(712;340);(511;446);(626;552);(581;603);
68862;(712;340);(511;446);(626;552);(581;603);
68863;(712;340);(511;446);(626;552);(581;603);
68864;(712;340);(511;446);(626;552);(581;603);
68865;(712;340);(511;446);(626;552);(581;603);
68866;(712;340);(511;446);(626;552);(581;603);
68867;(712;340);(511;446);(626;552);(581;603);
68868;(712;340);(511;446);(626;552);(581;603);
68869;(712;340);(511;446);(626;552);(581;603);
68870;(712;340);(511;446);(626;552);(581;603);
68871;(712;340);(511;446);(626;552);(581;603);
68872;(712;340);(511;446);(626;552);(581;603);
68873;(712;340);(511;446);(626;552);(581;603);
68874;(712;340);(511;446);(626;552);(581;603);
68875;(712;340);(511;446);(626;552);(581;603);
68876;(712;340);(511;446);(626;552);(581;603);
68877;(712;340);(511;446);(626;552);(581;603);
68878;(712;340);(511;446);(626;552);(581;603);
68879;(712;340);(511;446);(626;552);(581;603);
68880;(712;340);(511;446);(626;552);(581;603);
68881;(712;340);(511;446);(626;552);(581;603);
68882;(712;340);(511;446);(626;552);(581;603);
68883;(712;340);(511;446);(626;552);(581;603);
68884;(712;340);(511;446);(626;552);(581;603);
68885;(712;340);(511;446);(626;552);(581;603);
68886;(712;340);(511;446);(626;552);(581;603);
68887;(712;340);(511;446);(626;552);(581;603);
68888;(712;340);(511;446);(626;552);(581;603);
68889;(712;340);(511;446);(626;552);(581;603);
68890;(712;340);(511;446);(626;552);(581;603);
68891;(712;340);(511;446);(626;552);(581;603);
68892;(712;339);(511;446);(626;552);(581;603);
68893;(712;339);(511;446);(626;552);(581;603);
68894;(712;339);(511;446);(626;552);(581;603);
68895;(712;339);(511;446);(626;552);(581;603);
68896;(712;339);(511;446);(626;552);(581;603);
68897;(712;339);(511;446);(626;552);(581;603);
68898;(712;339);(511;446);(626;552);(581;603);
68899;(712;339);(511;446);(626;552);(581;603);
68900;(712;339);(511;446);(626;552);(581;603);
68901;(712;339);(511;446);(626;552);(581;603);
68902;(712;339);(511;446);(626;552);(581;603);
68903;(712;339);(511;446);(626;552);(581;603);
68904;(712;339);(511;446);(626;552);(581;603);
68905;(712;339);(511;446);(626;552);(581;603);
68906;(712;339);(511;446);(626;552);(581;603);
68907;(712;339);(511;446);(626;552);(581;603);
68908;(712;339);(511;446);(626;552);(581;603);
68909;(712;339);(511;446);(626;552);(581;603);
68910;(712;339);(511;446);(626;552);(581;603);
68911;(712;339);(511;446);(626;552);(581;603);
68912;(712;339);(511;446);(625;552);(581;603);
68913;(712;339);(511;446);(623;551);(581;603);
68914;(712;339);(511;446);(622;551);(581;603);
68915;(712;339);(511;446);(620;551);(581;603);
68916;(712;339);(511;446);(619;550);(581;603);
68917;(712;339);(511;446);(619;550);(581;603);
68918;(712;339);(511;446);(618;550);(581;603);
68919;(712;339);(511;446);(617;550);(581;603);
68920;(712;339);(511;446);(616;549);(581;603);
68921;(712;339);(511;446);(615;549);(581;603);
68922;(712;339);(511;446);(614;549);(581;603);
68923;(712;339);(511;446);(613;549);(581;603);
68924;(712;339);(511;446);(613;549);(581;603);
68925;(712;339);(511;446);(612;549);(581;603);
68926;(712;339);(511;446);(611;549);(581;603);
68927;(712;339);(511;446);(606;547);(581;603);
68928;(712;339);(511;446);(605;547);(581;603);
68929;(712;339);(511;446);(605;547);(581;603);
68930;(712;339);(511;446);(605;547);(581;603);
68931;(712;339);(511;446);(604;547);(581;603);
68932;(712;339);(511;446);(604;547);(581;603);
68933;(712;339);(511;446);(604;547);(581;603);
68934;(712;339);(511;446);(603;547);(581;603);
68935;(712;339);(511;446);(603;547);(581;603);
68936;(712;339);(511;446);(603;547);(581;603);
68937;(712;339);(511;446);(603;547);(581;603);
68938;(712;339);(511;446);(603;547);(581;603);
68939;(712;339);(511;446);(603;547);(581;603);
68940;(712;340);(510;446);(603;547);(581;603);
68941;(712;340);(510;446);(603;547);(581;603);
68942;(712;339);(510;446);(603;546);(581;603);
68943;(712;339);(510;446);(603;547);(581;603);
68944;(712;340);(510;446);(603;547);(581;603);
68945;(712;340);(511;446);(603;547);(581;603);
68946;(712;340);(511;446);(603;547);(581;603);
68947;(712;340);(511;446);(603;547);(581;603);
68948;(712;339);(510;446);(603;546);(581;603);
68949;(712;339);(510;446);(603;547);(581;603);
68950;(712;339);(510;446);(603;547);(581;603);
68951;(712;339);(510;446);(603;547);(581;603);
68952;(712;339);(510;446);(603;547);(581;603);
68953;(712;339);(510;446);(603;547);(581;603);
68954;(712;339);(510;446);(603;547);(581;603);
68955;(712;339);(510;446);(603;547);(581;603);
68956;(712;339);(510;446);(603;547);(581;603);
68957;(712;339);(510;446);(603;547);(581;603);
68958;(712;339);(510;446);(603;547);(581;603);
68959;(712;339);(510;446);(603;547);(581;603);
68960;(712;339);(510;446);(603;547);(581;603);
68961;(712;339);(510;446);(603;547);(581;603);
68962;(712;339);(510;446);(603;547);(581;603);
68963;(712;339);(510;446);(603;547);(581;603);
68964;(712;339);(511;446);(603;547);(581;603);
68965;(712;339);(511;446);(603;547);(581;603);
68966;(712;339);(511;446);(603;547);(581;603);
68967;(712;339);(511;446);(603;547);(581;603);
68968;(712;339);(511;446);(603;547);(581;603);
68969;(712;339);(511;446);(603;547);(581;603);
68970;(712;339);(511;446);(603;547);(581;603);
68971;(712;339);(511;446);(603;547);(581;603);
68972;(712;339);(511;446);(603;547);(581;603);
68973;(712;339);(511;446);(603;547);(581;603);
68974;(712;339);(511;446);(603;547);(581;603);
68975;(712;339);(511;446);(603;547);(581;603);
68976;(712;340);(511;446);(603;547);(581;603);
68977;(712;340);(511;446);(603;547);(581;603);
68978;(712;340);(511;446);(603;547);(581;603);
68979;(712;340);(511;446);(603;547);(581;603);
68980;(712;340);(511;446);(603;547);(581;603);
68981;(712;340);(511;446);(603;547);(581;603);
68982;(712;340);(511;446);(603;547);(581;603);
68983;(712;340);(511;446);(603;547);(581;603);
68984;(712;340);(511;446);(603;547);(581;603);
68985;(712;340);(511;446);(603;547);(581;603);
68986;(712;340);(511;446);(603;547);(581;603);
68987;(712;340);(511;446);(603;547);(581;603);
68988;(712;340);(511;446);(603;547);(581;603);
68989;(712;340);(511;446);(603;547);(581;603);
68990;(712;340);(511;446);(603;547);(581;603);
68991;(712;340);(511;446);(603;547);(581;603);
68992;(712;340);(511;446);(603;547);(581;603);
68993;(712;340);(511;446);(603;547);(581;603);
68994;(712;340);(511;446);(603;547);(581;603);
68995;(712;340);(511;446);(603;547);(581;603);
68996;(712;340);(511;446);(603;547);(581;603);
68997;(712;340);(511;446);(603;547);(581;603);
68998;(712;340);(511;446);(603;547);(581;603);
68999;(712;340);(511;446);(603;547);(581;603);
69000;(712;339);(511;446);(603;547);(581;603);
69001;(712;339);(511;446);(603;547);(581;603);
69002;(712;339);(511;446);(603;547);(581;603);
69003;(712;339);(511;446);(603;547);(581;603);
69004;(712;339);(511;446);(603;547);(581;603);
69005;(712;339);(511;446);(603;547);(581;603);
69006;(712;339);(511;446);(603;547);(581;603);
69007;(712;339);(511;446);(603;547);(581;603);
69008;(712;339);(511;446);(603;547);(581;603);
69009;(712;339);(511;446);(603;547);(581;603);
69010;(712;339);(511;446);(603;547);(581;603);
69011;(712;339);(511;446);(603;547);(581;603);
69012;(712;339);(511;446);(603;547);(581;603);
69013;(712;339);(511;446);(603;547);(581;603);
69014;(712;339);(511;446);(603;547);(581;603);
69015;(712;339);(511;446);(603;547);(581;603);
69016;(712;339);(511;446);(603;547);(581;603);
69017;(712;339);(511;446);(603;547);(581;603);
69018;(712;339);(511;446);(603;547);(581;603);
69019;(712;339);(511;446);(603;547);(581;603);
69020;(712;339);(511;446);(603;547);(581;603);
69021;(712;339);(511;446);(603;547);(581;603);
69022;(712;339);(511;446);(603;547);(581;603);
69023;(712;339);(511;446);(603;547);(581;603);
69024;(712;339);(511;446);(603;547);(581;603);
69025;(712;339);(511;446);(603;547);(581;603);
69026;(712;339);(511;446);(603;547);(581;603);
69027;(712;339);(511;446);(603;547);(581;603);
69028;(712;339);(511;446);(603;547);(581;603);
69029;(712;339);(511;446);(603;547);(581;603);
69030;(712;339);(511;446);(603;547);(581;603);
69031;(712;339);(511;446);(603;547);(581;603);
69032;(712;339);(511;446);(603;547);(581;603);
69033;(712;339);(511;446);(603;547);(581;603);
69034;(712;339);(511;446);(603;547);(581;603);
69035;(712;339);(511;446);(603;547);(581;603);
69036;(712;340);(511;446);(603;547);(581;603);
69037;(712;340);(511;446);(603;547);(581;603);
69038;(712;340);(511;446);(603;547);(581;603);
69039;(712;340);(511;446);(603;547);(581;603);
69040;(712;340);(511;446);(603;547);(581;603);
69041;(712;340);(511;446);(603;547);(581;603);
69042;(712;340);(511;446);(603;547);(581;603);
69043;(712;340);(511;446);(603;547);(581;603);
69044;(712;340);(511;446);(603;547);(581;603);
69045;(712;340);(511;446);(603;547);(581;603);
69046;(712;340);(511;446);(603;547);(581;603);
69047;(712;340);(511;446);(603;547);(581;603);
69048;(712;339);(511;446);(603;547);(581;603);
69049;(712;339);(511;446);(603;547);(581;603);
69050;(712;339);(511;446);(603;547);(581;603);
69051;(712;339);(511;446);(603;547);(581;603);
69052;(712;339);(511;446);(603;547);(581;603);
69053;(712;339);(511;446);(603;547);(581;603);
69054;(712;339);(511;446);(603;547);(581;603);
69055;(712;339);(511;446);(603;547);(581;603);
69056;(712;339);(511;446);(603;547);(581;603);
69057;(712;339);(511;446);(603;547);(581;603);
69058;(712;339);(511;446);(603;547);(581;603);
69059;(712;339);(511;446);(603;547);(581;603);
69060;(712;340);(511;446);(603;547);(581;603);
69061;(712;340);(511;446);(603;547);(581;603);
69062;(712;340);(511;446);(603;547);(581;603);
69063;(712;340);(511;446);(603;547);(581;603);
69064;(712;340);(511;446);(603;547);(581;603);
69065;(712;340);(511;446);(603;547);(581;603);
69066;(712;340);(511;446);(603;547);(581;603);
69067;(712;340);(511;446);(603;547);(581;603);
69068;(712;340);(511;446);(603;547);(581;603);
69069;(712;340);(511;446);(603;547);(581;603);
69070;(712;340);(511;446);(603;547);(581;603);
69071;(712;340);(511;446);(603;547);(581;603);
69072;(712;340);(511;446);(603;547);(581;603);
69073;(712;340);(511;446);(603;547);(581;603);
69074;(712;340);(511;446);(603;547);(581;603);
69075;(712;340);(511;446);(603;547);(581;603);
69076;(712;340);(511;446);(603;547);(581;603);
69077;(712;340);(511;446);(603;547);(581;603);
69078;(712;340);(511;446);(603;547);(581;603);
69079;(712;340);(511;446);(603;547);(581;603);
69080;(712;340);(511;446);(603;547);(581;603);
69081;(712;340);(511;446);(603;547);(581;603);
69082;(712;340);(511;446);(603;547);(581;603);
69083;(712;340);(511;446);(603;547);(581;603);
69084;(712;340);(511;446);(603;547);(581;603);
69085;(712;340);(511;446);(603;547);(581;603);
69086;(712;340);(511;446);(603;547);(581;603);
69087;(712;340);(511;446);(603;547);(581;603);
69088;(712;340);(511;446);(603;547);(581;603);
69089;(712;340);(511;446);(603;547);(581;603);
69090;(712;340);(511;446);(603;547);(581;603);
69091;(712;340);(511;446);(603;547);(581;603);
69092;(712;340);(511;446);(603;547);(581;603);
69093;(712;340);(510;446);(603;548);(581;603);
69094;(712;340);(510;446);(603;548);(581;603);
69095;(712;340);(510;446);(603;548);(581;603);
69096;(711;340);(510;446);(603;547);(581;603);
69097;(711;340);(510;446);(603;547);(581;603);
69098;(711;340);(510;446);(603;547);(581;603);
69099;(711;340);(510;446);(603;547);(581;603);
69100;(711;340);(510;446);(603;547);(581;603);
69101;(711;340);(510;446);(603;547);(581;603);
69102;(711;340);(510;446);(603;547);(581;603);
69103;(711;340);(510;446);(603;547);(581;603);
69104;(711;340);(510;446);(603;547);(581;603);
69105;(711;340);(510;446);(603;547);(581;603);
69106;(711;340);(510;446);(603;547);(581;603);
69107;(711;340);(510;446);(603;547);(581;603);
69108;(711;340);(510;447);(603;547);(581;604);
69109;(711;340);(510;447);(603;547);(581;604);
69110;(711;340);(510;447);(603;547);(581;604);
69111;(711;340);(510;447);(603;547);(581;604);
69112;(711;340);(510;447);(603;547);(581;604);
69113;(711;340);(510;447);(603;547);(581;604);
69114;(711;340);(510;447);(603;547);(581;604);
69115;(711;340);(510;447);(603;548);(581;604);
69116;(711;340);(510;447);(603;547);(581;604);
69117;(711;340);(510;447);(603;548);(581;604);
69118;(711;340);(510;447);(603;548);(581;604);
69119;(711;340);(510;447);(603;547);(581;604);
69120;(711;340);(510;447);(603;547);(581;604);
69121;(711;340);(510;447);(603;547);(581;604);
69122;(711;340);(510;447);(603;547);(581;604);
69123;(712;340);(510;447);(603;547);(581;604);
69124;(712;340);(511;446);(603;547);(581;603);
69125;(712;339);(511;446);(603;546);(581;603);
69126;(712;339);(510;446);(603;546);(581;603);
69127;(712;339);(510;446);(603;546);(581;603);
69129;(712;339);(510;446);(603;547);(581;603);
69130;(712;339);(510;446);(603;547);(581;603);
69131;(712;339);(510;446);(603;547);(581;603);
69132;(712;339);(510;446);(603;547);(581;603);
69133;(712;339);(510;446);(603;547);(581;603);
69134;(712;339);(510;446);(603;547);(581;603);
69135;(712;339);(510;446);(603;547);(581;603);
69136;(712;339);(510;446);(603;547);(581;603);
69137;(712;339);(510;446);(603;547);(581;603);
69138;(712;339);(511;446);(603;547);(581;603);
69139;(712;339);(511;446);(603;547);(581;603);
69140;(712;339);(511;446);(603;547);(581;603);
69141;(712;339);(511;446);(603;547);(581;603);
69142;(712;339);(511;446);(603;547);(581;603);
69143;(712;339);(511;446);(603;547);(581;603);
69144;(712;339);(510;446);(603;547);(581;602);
69145;(712;339);(510;446);(603;547);(581;602);
69146;(712;339);(510;446);(603;547);(581;603);
69147;(712;339);(510;446);(603;547);(581;603);
69148;(712;339);(510;446);(603;547);(581;603);
69149;(712;339);(510;446);(603;547);(581;603);
69150;(712;339);(510;446);(603;547);(581;603);
69151;(712;339);(510;446);(603;547);(581;603);
69152;(712;339);(510;446);(603;547);(581;603);
69153;(712;339);(510;446);(603;547);(581;603);
69154;(712;339);(510;446);(603;547);(581;603);
69155;(712;339);(510;446);(603;547);(581;603);
69156;(712;340);(510;446);(603;547);(581;603);
69157;(712;340);(510;446);(603;547);(581;603);
69158;(712;340);(510;446);(603;547);(581;603);
69159;(712;340);(510;446);(603;547);(581;603);
69160;(712;340);(510;446);(603;547);(581;603);
69161;(712;340);(510;446);(603;547);(581;603);
69162;(712;340);(510;446);(603;547);(581;603);
69163;(712;340);(510;446);(603;547);(581;603);
69164;(712;340);(510;446);(603;547);(581;603);
69165;(712;340);(510;446);(603;547);(581;603);
69166;(712;340);(510;446);(603;547);(581;603);
69167;(712;340);(510;446);(603;547);(581;603);
69168;(712;340);(510;446);(603;547);(581;603);
69169;(712;340);(510;446);(603;547);(581;603);
69170;(712;340);(510;446);(603;547);(581;603);
69171;(712;340);(510;446);(603;547);(581;603);
69172;(712;340);(510;446);(603;547);(581;603);
69173;(712;340);(510;446);(603;547);(581;603);
69174;(712;340);(510;446);(603;547);(581;603);
69175;(712;340);(510;446);(603;547);(581;603);
69176;(712;340);(510;446);(603;547);(581;603);
69177;(712;340);(510;446);(603;547);(581;603);
69178;(712;340);(510;446);(603;547);(581;603);
69179;(712;340);(510;446);(603;547);(581;603);
69180;(712;340);(510;446);(603;547);(581;603);
69181;(712;340);(510;446);(603;547);(581;603);
69182;(712;340);(510;446);(603;547);(581;603);
69183;(712;340);(510;446);(603;547);(581;603);
69184;(712;340);(510;446);(603;547);(581;603);
69185;(712;340);(510;446);(603;547);(581;603);
69186;(712;340);(510;446);(603;547);(581;603);
69187;(712;340);(510;446);(603;547);(581;603);
69188;(712;340);(510;446);(603;547);(581;603);
69189;(712;340);(510;446);(603;547);(581;603);
69190;(712;340);(510;446);(603;547);(581;603);
69191;(712;340);(510;446);(603;547);(581;603);
69192;(712;339);(511;446);(603;547);(581;603);
69193;(712;339);(511;446);(603;547);(581;603);
69194;(712;339);(511;446);(603;547);(581;603);
69195;(712;339);(511;446);(603;547);(581;603);
69196;(712;339);(511;446);(603;547);(581;603);
69197;(712;339);(511;446);(603;547);(581;603);
69198;(712;339);(511;446);(603;547);(581;603);
69199;(712;339);(511;446);(603;547);(581;603);
69200;(712;339);(511;446);(603;547);(581;603);
69201;(712;339);(511;446);(603;547);(581;603);
69202;(712;339);(511;446);(603;547);(581;603);
69203;(712;339);(511;446);(603;547);(581;603);
69204;(712;340);(510;446);(603;547);(581;603);
69205;(712;340);(510;446);(603;547);(581;603);
69206;(712;340);(510;446);(603;547);(581;603);
69207;(712;340);(510;446);(603;547);(581;603);
69208;(712;340);(510;446);(603;547);(581;603);
69209;(712;340);(510;446);(603;547);(581;603);
69210;(712;340);(510;446);(603;547);(581;603);
69211;(712;340);(510;446);(603;547);(581;603);
69212;(712;340);(510;446);(603;547);(581;603);
69213;(712;340);(511;446);(603;547);(581;603);
69214;(712;340);(511;446);(603;547);(581;603);
69215;(712;340);(511;446);(603;547);(581;603);
69216;(712;339);(511;446);(603;547);(581;603);
69217;(712;339);(511;446);(603;547);(581;603);
69218;(712;339);(511;446);(603;547);(581;603);
69219;(712;339);(511;446);(603;547);(581;603);
69220;(712;339);(511;446);(603;547);(581;603);
69221;(712;339);(511;446);(603;547);(581;603);
69222;(712;339);(511;446);(603;547);(581;603);
69223;(712;339);(511;446);(603;547);(581;603);
69224;(712;339);(511;446);(603;547);(581;603);
69225;(712;339);(511;446);(603;547);(581;603);
69226;(712;339);(511;446);(603;547);(581;603);
69227;(712;339);(511;446);(603;547);(581;603);
69228;(712;339);(511;446);(603;547);(581;603);
69229;(712;339);(511;446);(603;547);(581;603);
69230;(712;339);(511;446);(603;547);(581;603);
69231;(712;339);(511;446);(603;547);(581;603);
69232;(712;339);(511;446);(603;547);(581;603);
69233;(712;339);(511;446);(603;547);(581;603);
69234;(712;339);(511;446);(603;547);(581;603);
69235;(712;339);(511;446);(603;547);(581;603);
69236;(712;339);(511;446);(603;547);(581;603);
69237;(712;339);(511;446);(603;547);(581;603);
69238;(712;339);(511;446);(603;547);(581;603);
69239;(712;339);(511;446);(603;547);(581;603);
69240;(712;339);(510;446);(603;547);(581;603);
69241;(712;339);(510;446);(603;547);(581;603);
69242;(712;339);(510;446);(603;547);(581;603);
69243;(712;339);(510;446);(603;547);(581;603);
69244;(712;339);(510;446);(603;547);(581;603);
69245;(712;339);(510;446);(603;547);(581;603);
69246;(712;339);(510;446);(603;547);(581;603);
69247;(712;339);(510;446);(603;547);(581;603);
69248;(712;339);(510;446);(603;547);(581;603);
69249;(712;339);(511;446);(603;547);(581;603);
69250;(712;339);(511;446);(603;547);(581;603);
69251;(712;339);(511;446);(603;547);(581;603);
69252;(712;339);(511;446);(603;547);(581;603);
69253;(712;339);(511;446);(603;547);(581;603);
69254;(712;339);(511;446);(603;547);(581;603);
69255;(712;339);(511;446);(603;547);(581;603);
69256;(712;339);(511;446);(603;547);(581;603);
69257;(712;339);(511;446);(603;547);(581;603);
69258;(712;339);(511;446);(603;547);(581;603);
69259;(712;339);(511;446);(603;547);(581;603);
69260;(712;339);(511;446);(603;547);(581;603);
69261;(712;339);(511;446);(603;547);(581;603);
69262;(712;339);(511;446);(603;547);(581;603);
69263;(712;339);(511;446);(603;547);(581;603);
69264;(712;339);(511;446);(603;547);(581;603);
69265;(712;339);(511;446);(603;547);(581;603);
69266;(712;339);(511;446);(603;547);(581;603);
69267;(712;339);(511;446);(603;547);(581;603);
69268;(712;339);(511;446);(603;547);(581;603);
69269;(712;339);(511;446);(603;547);(581;603);
69270;(712;339);(511;446);(603;547);(581;603);
69271;(712;339);(511;446);(603;547);(581;603);
69272;(712;339);(511;446);(603;547);(581;603);
69273;(712;339);(511;446);(603;547);(581;603);
69274;(712;339);(511;446);(603;547);(581;603);
69275;(712;339);(511;446);(603;547);(581;603);
69276;(712;339);(510;446);(603;547);(581;603);
69277;(712;339);(510;446);(603;547);(581;603);
69278;(712;339);(510;446);(603;547);(581;603);
69279;(712;339);(510;446);(603;547);(581;603);
69280;(712;339);(510;446);(603;547);(581;603);
69281;(712;339);(510;446);(603;547);(581;603);
69282;(712;339);(510;446);(603;547);(581;603);
69283;(712;339);(510;446);(603;547);(581;603);
69284;(712;339);(510;446);(603;547);(581;603);
69285;(712;339);(510;446);(603;547);(581;603);
69286;(712;339);(511;446);(603;547);(581;603);
69287;(712;339);(511;446);(603;547);(581;603);
69288;(712;339);(510;446);(603;547);(581;603);
69289;(712;339);(510;446);(603;547);(581;603);
69290;(712;339);(510;446);(603;547);(581;603);
69291;(712;339);(510;446);(603;547);(581;603);
69292;(712;339);(510;446);(603;547);(581;603);
69293;(712;339);(510;446);(603;547);(581;603);
69294;(712;339);(510;446);(603;547);(581;603);
69295;(712;339);(510;446);(603;547);(581;603);
69296;(712;339);(510;446);(603;547);(581;603);
69297;(712;339);(510;446);(603;547);(581;603);
69298;(712;339);(510;446);(603;547);(581;603);
69299;(712;339);(510;446);(603;547);(581;603);
69300;(712;339);(510;446);(603;547);(581;603);
69301;(712;339);(510;446);(603;547);(581;603);
69302;(712;339);(510;446);(603;547);(581;603);
69303;(712;339);(510;446);(603;547);(581;603);
69304;(712;339);(510;446);(603;547);(581;603);
69305;(712;339);(510;446);(603;547);(581;603);
69306;(712;339);(510;446);(603;547);(580;603);
69307;(712;339);(510;446);(603;547);(583;602);
69308;(712;339);(510;446);(603;547);(581;603);
69309;(712;339);(510;446);(603;547);(581;603);
69310;(712;339);(510;446);(603;547);(581;603);
69311;(712;339);(510;446);(603;547);(581;603);
69312;(712;340);(511;446);(603;547);(581;603);
69313;(712;340);(511;446);(603;547);(581;603);
69314;(712;339);(511;446);(603;547);(581;603);
69315;(712;339);(511;446);(603;547);(581;603);
69316;(712;339);(511;446);(603;547);(581;603);
69317;(712;340);(510;446);(603;547);(581;603);
69318;(712;340);(511;446);(603;547);(581;603);
69353;(712;339);(510;446);(603;547);(581;603);
69354;(712;339);(510;446);(603;547);(581;603);
69355;(712;339);(510;446);(603;547);(581;603);
69356;(712;339);(510;446);(603;547);(581;603);
69357;(712;339);(510;446);(603;547);(581;603);
69358;(712;339);(510;446);(603;547);(581;603);
69359;(712;339);(510;446);(603;547);(581;603);
69360;(712;340);(510;446);(603;547);(581;603);
69361;(712;340);(510;446);(603;547);(581;603);
69362;(712;340);(510;446);(603;547);(581;603);
69363;(712;340);(510;446);(603;547);(581;603);
69364;(712;340);(510;446);(603;547);(581;603);
69365;(712;340);(510;446);(603;547);(581;603);
69366;(712;340);(510;446);(603;547);(581;603);
69367;(712;340);(510;446);(603;547);(581;603);
69368;(712;340);(510;446);(603;547);(581;603);
69369;(712;340);(510;446);(603;547);(581;603);
69370;(712;340);(510;446);(603;547);(581;603);
69371;(712;340);(510;446);(603;547);(581;603);
69372;(712;340);(510;446);(603;547);(581;603);
69373;(712;340);(510;446);(603;547);(581;603);
69374;(712;340);(510;446);(603;547);(581;603);
69375;(712;340);(510;446);(603;547);(581;603);
69376;(712;340);(510;446);(603;547);(581;603);
69377;(712;340);(510;446);(603;547);(581;603);
69378;(712;340);(510;446);(603;547);(581;603);
69379;(712;340);(510;446);(603;547);(581;603);
69380;(712;340);(510;446);(603;547);(581;603);
69381;(712;340);(510;446);(603;547);(581;603);
69382;(712;340);(510;446);(603;547);(581;603);
69383;(712;340);(510;446);(603;547);(581;603);
69384;(712;340);(511;446);(603;547);(581;603);
69385;(712;340);(511;446);(603;547);(581;603);
69386;(712;340);(511;446);(603;547);(581;603);
69387;(712;340);(511;446);(603;547);(581;603);
69388;(712;340);(511;446);(603;547);(581;603);
69389;(712;340);(511;446);(603;547);(581;603);
69390;(712;340);(511;446);(603;547);(581;603);
69391;(711;340);(511;446);(603;547);(581;603);
69392;(711;340);(511;446);(603;547);(581;603);
69393;(711;340);(511;446);(603;547);(581;603);
69394;(711;340);(511;446);(603;547);(581;603);
69395;(711;340);(511;446);(603;547);(581;603);
69396;(711;340);(510;446);(603;547);(581;603);
69397;(711;340);(510;446);(603;547);(581;603);
69398;(711;340);(510;446);(603;547);(581;603);
69399;(711;340);(510;446);(603;547);(581;603);
69400;(711;340);(510;446);(603;547);(581;603);
69401;(711;340);(510;446);(603;547);(581;603);
69402;(711;340);(510;446);(603;547);(581;603);
69403;(711;340);(510;446);(603;547);(581;603);
69404;(711;340);(510;446);(603;547);(581;603);
69405;(711;340);(510;446);(603;547);(581;603);
69406;(711;340);(510;446);(603;547);(581;603);
69407;(711;340);(511;446);(603;547);(581;603);
69408;(712;340);(510;446);(603;547);(581;603);
69409;(712;340);(510;446);(603;547);(581;603);
69410;(712;340);(510;446);(603;547);(581;603);
69411;(712;340);(510;446);(603;547);(581;603);
69412;(712;340);(510;446);(603;547);(581;603);
69413;(712;340);(510;446);(603;547);(581;603);
69414;(712;340);(510;446);(603;547);(581;603);
69415;(712;340);(510;446);(603;547);(581;603);
69416;(712;340);(511;446);(603;547);(581;603);
69417;(712;340);(511;446);(603;547);(581;603);
69418;(712;340);(511;446);(603;547);(581;603);
69419;(712;340);(511;446);(603;547);(581;603);
69420;(712;339);(510;446);(603;547);(581;603);
69421;(712;339);(510;446);(603;547);(581;603);
69422;(712;339);(510;446);(603;547);(581;603);
69423;(712;339);(510;446);(603;547);(581;603);
69424;(712;339);(510;446);(603;547);(581;603);
69425;(712;339);(510;446);(603;547);(581;603);
69426;(712;339);(510;446);(603;547);(581;603);
69427;(712;339);(510;446);(603;547);(581;603);
69428;(712;339);(511;446);(603;547);(581;603);
69429;(712;339);(510;446);(603;547);(581;603);
69430;(712;339);(510;446);(603;547);(581;603);
69431;(712;339);(510;446);(603;547);(581;603);
69449;(712;339);(510;446);(603;547);(581;603);
69450;(712;339);(510;446);(603;547);(581;603);
69451;(712;339);(510;446);(603;547);(581;603);
69452;(712;339);(510;446);(603;547);(581;603);
69453;(712;339);(510;446);(603;547);(581;603);
69454;(712;339);(510;446);(603;547);(581;603);
69455;(712;339);(510;446);(603;547);(581;603);
69456;(712;339);(510;446);(603;547);(581;603);
69457;(712;339);(510;446);(603;547);(581;603);
69458;(712;339);(510;446);(603;547);(581;603);
69459;(712;339);(510;446);(603;547);(581;603);
69460;(712;339);(510;446);(603;547);(581;603);
69461;(712;339);(510;446);(603;547);(581;603);
69462;(712;339);(510;446);(603;547);(581;603);
69463;(712;339);(510;446);(603;547);(581;603);
69464;(712;339);(510;446);(603;547);(581;603);
69465;(712;339);(510;446);(603;547);(581;603);
69466;(712;339);(510;446);(603;547);(581;603);
69467;(712;339);(510;446);(603;547);(581;603);
69468;(712;339);(510;446);(603;547);(581;603);
69469;(712;339);(510;446);(603;547);(581;603);
69470;(712;339);(510;446);(603;547);(581;603);
69471;(712;339);(510;446);(603;547);(581;603);
69472;(712;339);(510;446);(603;547);(581;603);
69473;(712;339);(510;446);(603;547);(581;603);
69474;(712;339);(510;446);(603;547);(581;603);
69475;(712;339);(510;446);(603;547);(581;603);
69476;(712;339);(510;446);(603;547);(581;603);
69477;(712;339);(510;446);(603;547);(581;603);
69478;(712;339);(510;446);(603;547);(581;603);
69479;(712;339);(510;446);(603;547);(581;603);
69480;(712;339);(511;446);(603;547);(581;603);
69481;(712;339);(511;446);(603;547);(581;603);
69482;(712;339);(511;446);(603;547);(581;603);
69483;(712;339);(511;446);(603;547);(581;603);
69484;(712;339);(511;446);(603;547);(581;603);
69485;(712;339);(511;446);(603;547);(581;603);
69486;(712;339);(511;446);(603;547);(581;603);
69487;(712;339);(511;446);(603;547);(581;603);
69488;(712;339);(511;446);(603;547);(581;603);
69489;(712;339);(511;446);(603;547);(581;603);
69490;(712;339);(511;446);(603;547);(581;603);
69491;(712;339);(511;446);(603;547);(581;603);
69492;(712;339);(511;446);(603;547);(581;603);
69493;(712;339);(511;446);(603;547);(581;603);
69494;(712;339);(511;446);(603;547);(581;603);
69495;(712;339);(511;446);(603;547);(581;603);
69496;(712;339);(511;446);(603;547);(581;603);
69497;(712;339);(511;446);(603;547);(581;603);
69498;(712;339);(511;446);(603;547);(581;603);
69499;(712;339);(511;446);(603;547);(581;603);
69500;(712;339);(511;446);(603;547);(581;603);
69501;(712;339);(511;446);(603;547);(581;603);
69502;(712;339);(511;446);(603;547);(581;603);
69503;(712;339);(511;446);(603;547);(581;603);
69504;(712;339);(511;446);(603;547);(581;603);
69505;(712;339);(511;446);(603;547);(581;603);
69506;(712;339);(511;446);(603;547);(581;603);
69507;(712;339);(511;446);(603;547);(581;603);
69508;(712;339);(511;446);(603;547);(581;603);
69509;(712;339);(511;446);(603;547);(581;603);
69510;(712;339);(511;446);(603;547);(581;603);
69511;(712;339);(511;446);(603;547);(581;603);
69512;(712;339);(511;446);(603;547);(581;603);
69513;(712;339);(511;446);(603;547);(581;603);
69514;(712;339);(511;446);(603;547);(581;603);
69515;(712;339);(511;446);(603;547);(581;603);
69516;(712;339);(511;446);(603;547);(581;603);
69517;(712;339);(511;446);(603;547);(581;603);
69518;(712;339);(511;446);(603;547);(581;603);
69519;(712;339);(511;446);(603;547);(581;603);
69520;(712;339);(511;446);(603;547);(581;603);
69521;(712;339);(511;446);(603;547);(581;603);
69522;(712;339);(511;446);(603;547);(581;603);
69523;(712;339);(511;446);(603;547);(581;603);
69524;(712;339);(511;446);(603;547);(581;603);
69525;(712;339);(511;446);(603;547);(581;603);
69526;(712;339);(511;446);(603;547);(581;603);
69527;(712;339);(511;446);(603;547);(581;603);
69528;(712;339);(510;446);(603;547);(581;603);
69529;(712;339);(510;446);(603;547);(581;603);
69530;(712;339);(510;446);(603;547);(581;603);
69531;(712;339);(510;446);(603;547);(581;603);
69532;(712;339);(510;446);(603;547);(581;603);
69533;(712;339);(510;446);(603;547);(581;603);
69534;(712;339);(510;446);(603;547);(581;603);
69535;(712;339);(510;446);(603;547);(581;603);
69536;(712;339);(510;446);(603;547);(581;603);
69537;(712;339);(510;446);(603;547);(581;603);
69538;(712;339);(510;446);(603;547);(581;603);
69539;(712;339);(510;446);(603;547);(581;603);
69540;(712;340);(510;446);(603;547);(581;603);
69541;(712;340);(510;446);(603;547);(581;603);
69542;(712;340);(510;446);(603;547);(581;603);
69543;(712;340);(510;446);(603;547);(581;603);
69544;(712;340);(510;446);(603;547);(581;603);
69545;(712;340);(510;446);(603;547);(581;603);
69546;(712;340);(510;446);(603;547);(581;603);
69547;(712;340);(510;446);(603;547);(581;603);
69548;(712;340);(510;446);(603;547);(581;603);
69549;(712;340);(510;446);(603;547);(581;603);
69550;(712;340);(510;446);(603;547);(581;603);
69551;(712;340);(510;446);(603;547);(581;603);
69552;(712;340);(510;446);(603;547);(581;603);
69553;(712;340);(510;446);(603;547);(581;603);
69554;(712;340);(510;446);(603;547);(581;603);
69555;(712;340);(510;446);(603;547);(581;603);
69556;(712;340);(510;446);(603;547);(581;603);
69557;(712;340);(510;446);(603;547);(581;603);
69558;(712;340);(510;446);(603;547);(581;603);
69559;(712;340);(510;446);(603;547);(581;603);
69560;(712;340);(510;446);(603;547);(581;603);
69561;(712;340);(510;446);(603;547);(581;603);
69562;(712;340);(510;446);(603;547);(581;603);
69563;(712;340);(510;446);(603;547);(581;603);
69564;(712;340);(510;446);(603;547);(581;603);
69565;(712;340);(510;446);(603;547);(581;603);
69566;(712;340);(510;446);(603;547);(581;603);
69567;(712;340);(510;446);(603;547);(581;603);
69568;(712;340);(510;446);(603;547);(581;603);
69569;(712;340);(510;446);(603;547);(581;603);
69570;(712;340);(510;446);(603;547);(581;603);
69571;(712;340);(510;446);(603;547);(581;603);
69572;(712;340);(510;446);(603;547);(581;603);
69573;(712;340);(510;446);(603;547);(581;603);
69574;(712;340);(510;446);(603;547);(581;603);
69575;(712;340);(510;446);(603;547);(581;603);
69576;(712;340);(511;446);(603;547);(581;603);
69577;(712;340);(511;446);(603;547);(581;603);
69578;(712;340);(511;446);(603;547);(581;603);
69579;(712;340);(511;446);(603;547);(581;603);
69580;(712;340);(511;446);(603;547);(581;603);
69581;(712;340);(511;446);(603;547);(581;603);
69582;(712;340);(511;446);(603;547);(581;603);
69583;(712;340);(511;446);(603;547);(581;603);
69584;(712;340);(511;446);(603;547);(581;603);
69585;(712;340);(511;446);(603;547);(581;603);
69586;(712;340);(511;446);(603;547);(581;603);
69587;(712;340);(511;446);(603;547);(581;603);
69588;(712;340);(511;446);(603;547);(581;603);
69589;(712;340);(511;446);(603;547);(581;603);
69590;(712;340);(511;446);(603;547);(581;603);
69591;(712;340);(511;446);(603;547);(581;603);
69592;(712;340);(511;446);(603;547);(581;603);
69593;(712;340);(511;446);(603;547);(581;603);
69594;(712;340);(511;446);(603;547);(581;603);
69595;(712;340);(511;446);(603;547);(581;603);
69596;(712;340);(511;446);(603;547);(581;603);
69597;(712;340);(511;446);(603;547);(581;603);
69598;(712;340);(511;446);(603;547);(581;603);
69599;(712;340);(511;446);(603;547);(581;603);
69600;(712;340);(510;446);(603;547);(581;603);
69601;(712;340);(510;446);(603;547);(581;603);
69602;(712;340);(510;446);(603;547);(581;603);
69603;(712;340);(510;446);(603;547);(581;603);
69604;(712;340);(510;446);(603;547);(581;603);
69605;(712;340);(510;446);(603;547);(581;603);
69606;(712;340);(510;446);(603;547);(581;603);
69607;(712;340);(510;446);(603;547);(581;603);
69608;(712;340);(510;446);(603;547);(581;603);
69609;(712;340);(510;446);(603;547);(581;603);
69610;(712;340);(510;446);(603;547);(581;603);
69611;(712;340);(510;446);(603;547);(581;603);
69612;(712;340);(510;446);(603;547);(581;603);
69613;(712;340);(510;446);(603;547);(581;603);
69614;(712;340);(510;446);(603;547);(581;603);
69615;(712;340);(510;446);(603;547);(581;603);
69616;(712;340);(510;446);(603;547);(581;603);
69617;(712;340);(510;446);(603;547);(581;603);
69621;(711;304);(510;446);(603;547);(581;603);
69623;(710;284);(510;446);(603;547);(581;603);
69626;(708;255);(510;446);(603;547);(581;603);
69630;(706;220);(510;446);(603;547);(581;603);
69631;(706;216);(510;446);(603;547);(581;603);
69632;(706;207);(510;446);(603;547);(581;603);
69634;(705;195);(510;446);(603;547);(581;603);
69636;(704;180);(510;446);(603;547);(581;603);
69637;(704;176);(510;446);(603;547);(581;603);
69638;(704;168);(510;446);(603;547);(581;603);
69639;(703;160);(510;446);(603;547);(581;603);
69640;(704;157);(510;446);(603;547);(581;603);
69641;(703;150);(510;446);(603;547);(581;603);
69642;(703;142);(510;446);(603;547);(581;603);
69643;(703;138);(510;446);(603;547);(581;603);
69644;(702;131);(510;446);(603;547);(581;603);
69645;(702;124);(510;446);(603;547);(581;603);
69646;(702;120);(510;446);(603;547);(581;603);
69647;(702;120);(510;446);(603;547);(581;603);
69797;(510;446);(731;528);(603;547);(581;603);
69798;(510;446);(731;532);(603;547);(581;603);
69799;(510;446);(731;534);(603;547);(581;603);
69800;(510;446);(731;537);(603;547);(581;603);
69801;(510;446);(732;542);(603;547);(581;603);
69802;(510;446);(732;542);(603;547);(581;603);
69803;(510;446);(603;547);(732;548);(581;603);
69804;(510;446);(603;547);(732;552);(581;603);
69805;(510;446);(603;547);(733;554);(581;603);
69806;(510;446);(603;547);(733;558);(581;603);
69807;(510;446);(603;547);(733;563);(581;603);
69808;(510;446);(603;547);(733;565);(581;603);
69809;(510;446);(603;547);(734;569);(581;603);
69810;(510;446);(603;547);(734;573);(581;603);
69811;(510;446);(603;547);(734;575);(581;603);
69812;(510;446);(603;547);(734;579);(581;603);
69813;(510;446);(603;547);(735;583);(581;603);
69814;(510;446);(603;547);(735;585);(581;603);
69815;(510;446);(603;547);(735;588);(581;603);
69816;(510;446);(603;547);(735;593);(581;603);
69817;(510;446);(603;547);(735;595);(581;603);
69842;(510;446);(603;547);(733;565);(581;603);
69853;(510;446);(603;547);(732;551);(581;603);
69854;(510;446);(603;547);(732;549);(581;603);
69859;(510;446);(732;544);(603;547);(581;603);
69860;(510;446);(731;542);(605;547);(581;603);
69861;(510;446);(731;541);(603;547);(581;603);
69862;(510;446);(731;541);(603;547);(581;603);
69863;(510;446);(731;539);(603;547);(581;603);
69864;(510;446);(731;538);(603;547);(581;603);
69865;(510;446);(731;538);(603;547);(581;603);
69866;(510;446);(731;536);(603;547);(581;603);
69867;(510;446);(731;535);(603;547);(581;603);
69868;(510;446);(731;535);(603;547);(581;603);
69869;(510;446);(731;534);(603;547);(581;603);
69871;(510;446);(731;532);(603;547);(581;603);
69872;(510;446);(731;531);(603;547);(581;603);
69875;(510;446);(731;529);(603;547);(581;603);
69893;(510;446);(729;518);(603;547);(581;603);
69894;(510;446);(729;517);(603;547);(581;603);
69895;(510;446);(729;517);(603;547);(581;603);
69896;(510;446);(729;516);(603;547);(581;603);
69897;(510;446);(729;516);(603;547);(581;603);
69898;(510;446);(729;515);(603;547);(581;603);
69899;(510;446);(729;515);(603;547);(581;603);
69900;(510;446);(729;515);(603;547);(581;603);
69901;(510;446);(729;515);(603;547);(581;603);
69902;(510;446);(729;515);(603;547);(581;603);
69903;(510;446);(729;514);(603;547);(581;603);
69904;(510;446);(729;514);(603;547);(581;603);
69905;(510;446);(729;514);(603;547);(581;603);
69906;(510;446);(729;514);(603;547);(581;603);
69907;(510;446);(729;514);(603;547);(581;603);
69908;(510;446);(729;513);(603;547);(581;603);
69909;(510;446);(729;513);(603;547);(581;603);
69910;(510;446);(729;513);(603;547);(581;603);
69911;(510;446);(729;513);(603;547);(581;603);
69912;(510;446);(730;513);(603;547);(581;603);
69913;(510;446);(730;513);(603;547);(581;603);
69914;(510;446);(730;513);(603;547);(581;603);
69915;(510;446);(730;512);(603;547);(581;603);
69916;(510;446);(730;512);(603;547);(581;603);
69917;(510;446);(730;512);(603;547);(581;603);
69918;(510;446);(730;512);(603;547);(581;603);
69919;(510;446);(730;512);(603;547);(581;603);
69920;(510;446);(730;512);(603;547);(581;603);
69921;(510;446);(730;512);(603;547);(581;603);
69922;(510;446);(730;512);(603;547);(581;603);
69923;(510;446);(730;512);(603;547);(581;603);
69924;(510;446);(730;513);(603;547);(581;603);
69925;(510;446);(730;513);(603;547);(581;603);
69926;(510;446);(730;513);(603;547);(581;603);
69927;(510;446);(730;513);(603;547);(581;603);
69928;(510;446);(730;513);(603;547);(581;603);
69929;(510;446);(730;513);(603;547);(581;603);
69930;(510;446);(730;513);(603;547);(581;603);
69931;(510;446);(730;513);(603;547);(581;603);
69932;(510;446);(730;513);(603;547);(581;603);
69933;(510;446);(730;513);(603;547);(581;603);
69934;(510;446);(730;513);(603;547);(581;603);
69935;(510;446);(730;513);(603;547);(581;603);
69936;(510;446);(730;513);(603;547);(581;603);
69937;(510;446);(730;513);(603;547);(581;603);
69938;(510;446);(730;513);(603;547);(581;603);
69939;(510;446);(730;513);(603;547);(581;603);
69940;(510;446);(730;513);(603;547);(581;603);
69941;(510;446);(730;513);(603;547);(581;603);
69942;(510;446);(730;513);(603;547);(581;603);
69943;(510;446);(730;513);(603;547);(581;603);
69944;(510;446);(730;513);(603;547);(581;603);
69945;(510;446);(730;513);(603;547);(581;603);
69946;(510;446);(730;513);(603;547);(581;603);
69947;(510;446);(730;513);(603;547);(581;603);
69948;(510;446);(730;513);(603;547);(581;603);
69949;(510;446);(730;513);(603;547);(581;603);
69950;(510;446);(730;513);(603;547);(581;603);
69951;(510;446);(730;513);(603;547);(581;603);
69952;(510;446);(730;513);(603;547);(581;603);
69953;(510;446);(730;513);(603;547);(581;603);
69954;(510;446);(730;513);(603;547);(581;603);
69955;(510;446);(730;513);(603;547);(581;603);
69956;(510;446);(730;513);(603;547);(581;603);
69957;(510;446);(730;513);(603;547);(581;603);
69958;(510;446);(730;513);(603;547);(581;603);
69959;(510;446);(730;513);(603;547);(581;603);
69960;(510;446);(730;513);(603;547);(581;603);
69961;(510;446);(730;513);(603;547);(581;603);
69962;(510;446);(730;513);(603;547);(581;603);
69963;(510;446);(730;513);(603;547);(581;603);
69964;(510;446);(730;513);(603;547);(581;603);
69965;(510;446);(730;513);(603;547);(581;603);
69966;(510;446);(730;513);(603;547);(581;603);
69967;(510;446);(730;513);(603;547);(581;603);
69968;(510;446);(730;513);(603;547);(581;603);
69969;(510;446);(730;513);(603;547);(581;603);
69970;(510;446);(730;513);(603;547);(581;603);
69971;(510;446);(730;513);(603;547);(581;603);
69972;(510;446);(730;513);(603;547);(581;603);
69973;(510;446);(730;513);(603;547);(581;603);
69974;(510;446);(730;513);(603;547);(581;603);
69975;(510;446);(730;513);(603;547);(581;603);
69976;(510;446);(730;513);(603;547);(581;603);
69977;(510;446);(730;513);(603;547);(581;603);
69978;(510;446);(730;513);(603;547);(581;603);
69979;(510;446);(730;513);(603;547);(581;603);
69980;(510;446);(730;513);(603;547);(581;603);
69981;(510;446);(730;513);(603;547);(581;603);
69982;(510;446);(730;513);(603;547);(581;603);
69983;(510;446);(730;513);(603;547);(581;603);
69984;(510;446);(730;512);(603;547);(581;603);
69985;(510;446);(730;512);(603;547);(581;603);
69986;(510;446);(730;512);(603;547);(581;603);
69987;(510;446);(730;512);(603;547);(581;603);
69988;(510;446);(730;512);(603;547);(581;603);
69989;(510;446);(730;512);(603;547);(581;603);
69990;(510;446);(730;512);(603;547);(581;603);
69991;(510;446);(730;512);(603;547);(581;603);
69992;(510;446);(730;512);(603;547);(581;603);
69993;(510;446);(730;513);(603;547);(581;603);
69994;(510;446);(730;513);(603;547);(581;603);
69995;(510;446);(730;513);(603;547);(581;603);
69996;(510;446);(730;513);(603;547);(581;603);
69997;(510;446);(730;513);(603;547);(581;603);
69998;(510;446);(730;513);(603;547);(581;603);
69999;(510;446);(730;513);(603;547);(581;603);
70000;(510;446);(730;513);(603;547);(581;603);
70001;(510;446);(730;513);(603;547);(581;603);
70002;(510;446);(730;513);(603;547);(581;603);
70003;(510;446);(730;513);(603;547);(581;603);
70004;(510;446);(730;513);(603;547);(581;603);
70005;(510;446);(730;513);(603;547);(581;603);
70006;(510;446);(730;513);(603;547);(581;603);
70007;(510;446);(730;513);(603;547);(581;603);
70008;(510;446);(730;513);(603;547);(581;603);
70009;(510;446);(730;513);(603;547);(581;603);
70010;(510;446);(730;513);(603;547);(581;603);
70011;(510;446);(730;513);(603;547);(581;603);
70012;(510;446);(730;513);(603;547);(581;603);
70013;(510;446);(730;513);(603;547);(581;603);
70014;(510;446);(730;513);(603;547);(581;603);
70015;(510;446);(730;513);(603;547);(581;603);
70016;(510;446);(730;513);(603;547);(581;603);
70017;(510;446);(730;513);(603;547);(581;603);
70018;(510;446);(730;513);(603;547);(581;603);
70019;(510;446);(730;513);(603;547);(581;603);
70020;(510;446);(730;513);(603;547);(581;603);
70021;(510;446);(730;513);(603;547);(581;603);
70022;(510;446);(730;513);(603;547);(581;603);
70023;(510;446);(730;513);(603;547);(581;603);
70024;(510;446);(730;513);(603;547);(581;603);
70025;(510;446);(730;513);(603;547);(581;603);
70026;(510;446);(730;513);(603;547);(581;603);
70027;(510;446);(730;513);(603;547);(581;603);
70028;(510;446);(730;513);(603;547);(581;603);
70029;(510;446);(730;513);(603;547);(581;603);
70030;(510;446);(730;513);(603;547);(581;603);
70031;(510;446);(730;513);(603;547);(581;603);
70032;(510;446);(730;513);(603;547);(581;603);
70033;(510;446);(730;513);(603;547);(581;603);
70034;(510;446);(730;513);(603;547);(581;603);
70035;(510;446);(730;513);(603;547);(581;603);
70036;(510;446);(730;513);(603;547);(581;603);
70037;(510;446);(730;513);(603;547);(581;603);
70038;(510;446);(730;513);(603;547);(581;603);
70039;(510;446);(730;513);(603;547);(581;603);
70040;(510;446);(730;513);(603;547);(581;603);
70041;(510;446);(730;513);(603;547);(581;603);
70042;(510;446);(730;513);(603;547);(581;603);
70043;(510;446);(730;513);(603;547);(581;603);
70044;(510;446);(730;513);(603;547);(581;603);
70045;(510;446);(730;513);(603;547);(581;603);
70046;(510;446);(730;513);(603;547);(581;603);
70047;(510;446);(730;513);(603;547);(581;603);
70048;(510;446);(730;513);(603;547);(581;603);
70049;(510;446);(730;513);(603;547);(581;603);
70050;(510;446);(730;513);(603;547);(581;603);
70051;(510;446);(730;513);(603;547);(581;603);
70052;(510;446);(730;513);(603;547);(581;603);
70053;(510;446);(730;513);(603;547);(581;603);
70054;(510;446);(730;513);(603;547);(581;603);
70055;(510;446);(730;513);(603;547);(581;603);
70056;(510;446);(730;513);(603;547);(581;603);
70057;(510;446);(730;513);(603;547);(581;603);
70058;(510;446);(730;513);(603;547);(581;603);
70059;(510;446);(730;513);(603;547);(581;603);
70060;(510;446);(730;513);(603;547);(581;603);
70061;(510;446);(730;513);(603;547);(581;603);
70062;(510;446);(730;513);(603;547);(581;603);
70063;(510;446);(730;513);(603;547);(581;603);
70064;(510;446);(730;513);(603;547);(581;603);
70065;(510;446);(730;513);(603;547);(581;603);
70066;(510;446);(730;513);(603;547);(581;603);
70067;(510;446);(730;513);(603;547);(581;603);
70068;(510;446);(730;513);(603;547);(581;603);
70069;(510;446);(730;513);(603;547);(581;603);
70070;(510;446);(730;513);(603;547);(581;603);
70071;(510;446);(730;513);(603;547);(581;603);
70072;(510;446);(730;513);(603;547);(581;603);
70073;(510;446);(730;513);(603;547);(581;603);
70074;(510;446);(730;513);(603;547);(581;603);
70075;(510;446);(730;513);(603;547);(581;603);
70076;(510;446);(730;513);(603;547);(581;603);
70077;(510;446);(730;513);(603;547);(581;603);
70078;(510;446);(730;513);(603;547);(581;603);
70079;(510;446);(730;513);(603;547);(581;603);
70080;(510;446);(730;513);(603;547);(581;603);
70081;(510;446);(730;513);(603;547);(581;603);
70082;(510;446);(730;513);(603;547);(581;603);
70083;(510;446);(730;513);(603;547);(581;603);
70084;(510;446);(730;513);(603;547);(581;603);
70085;(510;446);(730;513);(603;547);(581;603);
70086;(510;446);(730;513);(603;547);(581;603);
70087;(510;446);(730;513);(603;547);(581;603);
70088;(510;446);(730;513);(603;547);(581;603);
70089;(510;446);(730;513);(603;547);(581;603);
70090;(510;446);(730;513);(603;547);(581;603);
70091;(510;446);(730;513);(603;547);(581;603);
70092;(510;446);(730;513);(603;547);(581;603);
70093;(510;446);(730;513);(603;547);(581;603);
70094;(510;446);(730;513);(603;547);(581;603);
70095;(510;446);(730;513);(603;547);(581;603);
70096;(510;446);(730;513);(603;547);(581;603);
70097;(510;446);(730;513);(603;547);(581;603);
70098;(510;446);(730;513);(603;547);(581;603);
70099;(510;446);(730;513);(603;547);(581;603);
70100;(510;446);(730;513);(603;547);(581;603);
70101;(510;446);(730;513);(603;547);(581;603);
70102;(510;446);(730;513);(603;547);(581;603);
70103;(510;446);(730;513);(603;547);(581;603);
70104;(510;446);(730;513);(603;547);(581;603);
70105;(510;446);(730;513);(603;547);(581;603);
70106;(510;446);(730;513);(603;547);(581;603);
70107;(510;446);(730;513);(603;547);(581;603);
70108;(510;446);(730;513);(603;547);(581;603);
70109;(510;446);(730;513);(603;547);(581;603);
70110;(510;446);(730;513);(603;547);(581;603);
70111;(510;446);(730;513);(603;547);(581;603);
70112;(510;446);(730;513);(603;547);(581;603);
70113;(510;446);(730;513);(603;547);(581;603);
70114;(510;446);(730;513);(603;547);(581;603);
70115;(510;446);(730;513);(603;547);(581;603);
70116;(510;446);(730;513);(603;547);(581;603);
70117;(510;446);(730;513);(603;547);(581;603);
70118;(510;446);(730;513);(603;547);(581;603);
70130;(730;513);(603;547);(320;588);(581;603);
70131;(730;513);(603;547);(331;596);(581;603);
70132;(730;513);(603;547);(581;603);(354;604);
70133;(730;513);(603;547);(371;597);(581;603);
70134;(730;513);(603;547);(385;591);(581;603);
70135;(730;513);(603;547);(404;582);(581;603);
70136;(730;513);(603;547);(423;574);(581;603);
70137;(730;513);(603;547);(432;569);(581;603);
70138;(730;513);(603;547);(441;566);(581;603);
70139;(730;513);(603;547);(465;556);(581;603);
70140;(730;513);(603;547);(474;553);(581;603);
70141;(730;513);(490;545);(603;547);(581;603);
70142;(730;513);(505;539);(603;547);(581;603);
70143;(730;513);(513;536);(603;547);(581;603);
70144;(730;513);(529;529);(603;547);(581;603);
70145;(730;513);(537;526);(603;547);(581;603);
70146;(730;513);(552;520);(603;547);(581;603);
70147;(730;513);(567;514);(603;547);(581;603);
70148;(582;507);(730;513);(603;547);(581;603);
70149;(589;504);(730;513);(603;547);(581;603);
70150;(603;498);(730;513);(603;547);(581;603);
70151;(611;495);(730;513);(603;547);(581;603);
70152;(625;489);(730;513);(603;547);(581;603);
70153;(639;484);(730;513);(603;547);(581;603);
70154;(653;478);(730;513);(603;547);(581;603);
70155;(660;474);(730;513);(603;547);(581;603);
70156;(674;469);(730;513);(603;547);(581;603);
70157;(688;464);(730;513);(603;547);(581;603);
70158;(695;461);(730;513);(603;547);(581;603);
70159;(709;455);(730;513);(603;547);(581;603);
70160;(721;450);(730;513);(603;547);(581;603);
70161;(729;447);(730;513);(603;547);(581;603);
70162;(742;442);(730;513);(603;547);(581;603);
70163;(755;436);(730;513);(603;547);(581;603);
70164;(761;433);(730;513);(603;547);(581;603);
70165;(775;428);(730;513);(603;547);(581;603);
70166;(787;423);(730;513);(603;547);(581;603);
70167;(793;421);(730;513);(603;547);(581;603);
70168;(807;415);(730;513);(603;547);(581;603);
70169;(819;410);(730;513);(603;547);(581;603);
70170;(825;408);(730;513);(603;547);(581;603);
70171;(838;403);(730;513);(603;547);(581;603);
70172;(849;398);(730;513);(603;547);(581;603);
70173;(856;395);(730;513);(603;547);(581;603);
70174;(868;391);(730;513);(603;547);(581;603);
70175;(880;386);(730;513);(603;547);(581;603);
70176;(886;384);(730;513);(603;547);(581;603);
70177;(898;379);(730;513);(603;547);(581;603);
70178;(904;376);(730;513);(603;547);(581;603);
70179;(915;372);(730;513);(603;547);(581;603);
70180;(927;367);(730;513);(603;547);(581;603);
70181;(939;362);(730;513);(603;547);(581;603);
70182;(945;360);(730;513);(603;547);(581;603);
70183;(956;355);(730;513);(603;547);(581;603);
70184;(955;353);(730;513);(603;547);(581;603);
70185;(943;348);(730;513);(603;547);(581;603);
70186;(933;344);(730;513);(603;547);(581;603);
70187;(924;339);(730;513);(603;547);(581;603);
70188;(920;337);(730;513);(603;547);(581;603);
70189;(912;333);(730;513);(603;547);(581;603);
70190;(908;331);(730;513);(603;547);(581;603);
70191;(901;326);(730;513);(603;547);(581;603);
70192;(893;322);(730;513);(603;547);(581;603);
70193;(885;318);(730;513);(603;547);(581;603);
70194;(882;315);(730;513);(603;547);(581;603);
70195;(874;311);(730;513);(603;547);(581;603);
70196;(867;307);(730;513);(603;547);(581;603);
70197;(863;305);(730;513);(603;547);(581;603);
70198;(856;301);(730;513);(603;547);(581;603);
70199;(849;297);(730;513);(603;547);(581;603);
70200;(846;295);(730;513);(603;547);(581;603);
70201;(839;291);(730;513);(603;547);(581;603);
70202;(832;287);(730;513);(603;547);(581;603);
70203;(828;285);(730;513);(603;547);(581;603);
70204;(822;281);(730;513);(603;547);(581;603);
70205;(815;278);(730;513);(603;547);(581;603);
70206;(812;276);(730;513);(603;547);(581;603);
70207;(805;272);(730;513);(603;547);(581;603);
70208;(799;268);(730;513);(603;547);(581;603);
70209;(796;266);(730;513);(603;547);(581;603);
70210;(789;262);(730;513);(603;547);(581;603);
70211;(783;259);(730;513);(603;547);(581;603);
70212;(776;255);(730;513);(603;547);(581;603);
70213;(774;254);(730;513);(603;547);(581;603);
70214;(767;250);(730;513);(603;547);(581;603);
70215;(764;248);(730;513);(603;547);(581;603);
70216;(758;244);(730;513);(603;547);(581;603);
70217;(752;241);(730;513);(603;547);(581;603);
70218;(749;239);(730;513);(603;547);(581;603);
70219;(743;236);(730;513);(603;547);(581;603);
70220;(737;232);(730;513);(603;547);(581;603);
70221;(734;231);(730;513);(603;547);(581;603);
70222;(728;227);(730;513);(603;547);(581;603);
70223;(723;224);(730;513);(603;547);(581;603);
70224;(720;222);(730;513);(603;547);(581;603);
70225;(714;219);(730;513);(603;547);(581;603);
70226;(708;216);(730;513);(603;547);(581;603);
70227;(706;214);(730;513);(603;547);(581;603);
70228;(700;211);(730;513);(603;547);(581;603);
70229;(694;208);(730;513);(603;547);(581;603);
70230;(692;206);(730;513);(603;547);(581;603);
70231;(686;203);(730;513);(603;547);(581;603);
70232;(681;200);(730;513);(603;547);(581;603);
70233;(678;198);(730;513);(603;547);(581;603);
70234;(673;195);(730;513);(603;547);(581;603);
70235;(668;192);(730;513);(603;547);(581;603);
70236;(665;191);(730;513);(603;547);(581;603);
70237;(660;188);(730;513);(603;547);(581;603);
70238;(657;186);(730;513);(603;547);(581;603);
70239;(652;183);(730;513);(603;547);(581;603);
70240;(647;180);(730;513);(603;547);(581;603);
70241;(642;178);(730;513);(603;547);(581;603);
70242;(640;176);(730;513);(603;547);(581;603);
70243;(635;173);(730;513);(603;547);(581;603);
70244;(632;172);(730;513);(603;547);(581;603);
70245;(628;169);(730;513);(603;547);(581;603);
70246;(623;166);(730;513);(603;547);(581;603);
70247;(618;163);(730;513);(603;547);(581;603);
70248;(616;162);(730;513);(603;547);(581;603);
70249;(611;159);(730;513);(603;547);(581;603);
70250;(606;157);(730;513);(603;547);(581;603);
70251;(604;155);(730;513);(603;547);(581;603);
70252;(599;152);(730;513);(603;547);(581;603);
70253;(595;150);(730;513);(603;547);(581;603);
70254;(592;149);(730;513);(603;547);(581;603);
70255;(588;146);(730;513);(603;547);(581;603);
70256;(584;143);(730;513);(603;547);(581;603);
70257;(581;142);(730;513);(603;547);(581;603);
70258;(577;139);(730;513);(603;547);(581;603);
70259;(573;137);(730;513);(603;547);(581;603);
70260;(570;135);(730;513);(603;547);(581;603);
70261;(566;133);(730;513);(603;547);(581;603);
70262;(562;131);(730;513);(603;547);(581;603);
70263;(560;129);(730;513);(603;547);(581;603);
70264;(556;127);(730;513);(603;547);(581;603);
70265;(554;126);(730;513);(603;547);(581;603);
70266;(549;123);(730;513);(603;547);(581;603);
70267;(546;121);(730;513);(603;547);(581;603);
70268;(542;119);(730;513);(603;547);(581;603);
70269;(540;118);(730;513);(603;547);(581;603);
70270;(536;115);(730;513);(603;547);(581;603);
70271;(532;113);(730;513);(603;547);(581;603);
70272;(529;111);(730;513);(603;547);(581;603);
70273;(526;109);(730;513);(603;547);(581;603);
70274;(524;108);(730;513);(603;547);(581;603);
70275;(520;106);(730;513);(603;547);(581;603);
70276;(516;103);(730;513);(603;547);(581;603);
70277;(512;101);(730;513);(603;547);(581;603);
70278;(510;100);(730;513);(603;547);(581;603);
70279;(507;98);(730;513);(603;547);(581;603);
70280;(503;95);(730;513);(603;547);(581;603);
70281;(501;94);(730;513);(603;547);(581;603);
70282;(497;92);(730;513);(603;547);(581;603);
70283;(494;90);(730;513);(603;547);(581;603);
70284;(492;89);(730;513);(603;547);(581;603);
70285;(488;87);(730;513);(603;547);(581;603);
70286;(487;86);(730;513);(603;547);(581;603);
70287;(483;84);(730;513);(603;547);(581;603);
70288;(480;82);(730;513);(603;547);(581;603);
70289;(477;80);(730;513);(603;547);(581;603);
70290;(475;78);(730;513);(603;547);(581;603);
70291;(472;76);(730;513);(603;547);(581;603);
70292;(470;75);(730;513);(603;547);(581;603);
70293;(467;73);(730;513);(603;547);(581;603);
70294;(463;71);(730;513);(603;547);(581;603);
70295;(460;69);(730;513);(603;547);(581;603);
70296;(458;68);(730;513);(603;547);(581;603);
70297;(455;66);(730;513);(603;547);(581;603);
70298;(452;64);(730;513);(603;547);(581;603);
70299;(450;63);(730;513);(603;547);(581;603);
70300;(447;61);(730;513);(603;547);(581;603);
70301;(444;59);(730;513);(603;547);(581;603);
70302;(442;58);(730;513);(603;547);(581;603);
70303;(440;56);(730;513);(603;547);(581;603);
70304;(437;55);(730;513);(603;547);(581;603);
70305;(435;54);(730;513);(603;547);(581;603);
70306;(432;54);(730;513);(603;547);(581;603);
70307;(429;56);(730;513);(603;547);(581;603);
70308;(428;56);(730;513);(603;547);(581;603);
70309;(424;57);(730;513);(603;547);(581;603);
70310;(421;58);(730;513);(603;547);(581;603);
70311;(420;58);(730;513);(603;547);(581;603);
70312;(417;59);(730;513);(603;547);(581;603);
70313;(416;60);(730;513);(603;547);(581;603);
70314;(413;61);(730;513);(603;547);(581;603);
70315;(412;61);(730;513);(603;547);(581;603);
70316;(407;63);(730;513);(603;547);(581;603);
70317;(406;63);(730;513);(603;547);(581;603);
70318;(403;64);(730;513);(603;547);(581;603);
70319;(400;65);(730;513);(603;547);(581;603);
70320;(399;65);(730;513);(603;547);(581;603);
70321;(396;66);(730;513);(603;547);(581;603);
70322;(394;67);(730;513);(603;547);(581;603);
70323;(392;67);(730;513);(603;547);(581;603);
70324;(390;68);(730;513);(603;547);(581;603);
70325;(387;69);(730;513);(603;547);(581;603);
70326;(386;69);(730;513);(603;547);(581;603);
70327;(383;70);(730;513);(603;547);(581;603);
70328;(382;71);(730;513);(603;547);(581;603);
70329;(380;72);(730;513);(603;547);(581;603);
70330;(380;72);(730;513);(603;547);(581;603);
70331;(381;73);(730;513);(603;547);(581;603);
70332;(382;73);(730;513);(603;547);(581;603);
70333;(383;74);(730;513);(603;547);(581;603);
70334;(384;74);(730;513);(603;547);(581;603);
70335;(385;75);(730;513);(603;547);(581;603);
70336;(386;76);(730;513);(603;547);(581;603);
70337;(387;76);(730;513);(603;547);(581;603);
70338;(387;77);(730;513);(603;547);(581;603);
70339;(388;78);(730;513);(603;547);(581;603);
70340;(389;78);(730;513);(603;547);(581;603);
70341;(390;78);(730;513);(603;547);(581;603);
70342;(391;79);(730;513);(603;547);(581;603);
70343;(392;79);(730;513);(603;547);(581;603);
70344;(393;80);(730;513);(603;547);(581;603);
70345;(394;81);(730;513);(603;547);(581;603);
70346;(394;81);(730;513);(603;547);(581;603);
70347;(395;82);(730;513);(603;547);(581;603);
70348;(396;82);(730;513);(603;547);(581;603);
70349;(397;83);(730;513);(603;547);(581;603);
70350;(397;83);(730;513);(603;547);(581;603);
70351;(398;83);(730;513);(603;547);(581;603);
70352;(399;84);(730;513);(603;547);(581;603);
70353;(399;84);(730;513);(603;547);(581;603);
70354;(400;85);(730;513);(603;547);(581;603);
70355;(401;85);(730;513);(603;547);(581;603);
70356;(401;86);(730;513);(603;547);(581;603);
70372;(412;90);(730;513);(603;547);(581;603);
70373;(412;90);(730;513);(603;547);(581;603);
70374;(412;90);(730;513);(603;547);(581;603);
70375;(412;90);(730;513);(603;547);(581;603);
70376;(413;90);(730;513);(603;547);(581;603);
70377;(414;91);(730;513);(603;547);(581;603);
70378;(414;91);(730;513);(603;547);(581;603);
70379;(414;91);(730;513);(603;547);(581;603);
70380;(415;91);(730;513);(603;547);(581;603);
70381;(415;91);(730;513);(603;547);(581;603);
70382;(415;91);(730;513);(603;547);(581;603);
70383;(415;91);(730;513);(603;547);(581;603);
70384;(416;90);(730;513);(603;547);(581;603);
70385;(416;90);(730;513);(603;547);(581;603);
70386;(416;91);(730;513);(603;547);(581;603);
70387;(416;91);(730;513);(603;547);(581;603);
70388;(417;91);(730;513);(603;547);(581;603);
70389;(417;91);(730;513);(603;547);(581;603);
70390;(417;91);(730;513);(603;547);(581;603);
70391;(417;91);(730;513);(603;547);(581;603);
70392;(417;91);(730;513);(603;547);(581;603);
70393;(417;91);(730;513);(603;547);(581;603);
70394;(417;91);(730;513);(603;547);(581;603);
70395;(417;91);(730;513);(603;547);(581;603);
70396;(417;91);(730;513);(603;547);(581;603);
70397;(417;91);(730;513);(603;547);(581;603);
70398;(417;91);(730;513);(603;547);(581;603);
70399;(417;91);(730;513);(603;547);(581;603);
70400;(417;91);(730;513);(603;547);(581;603);
70401;(417;91);(730;513);(603;547);(581;603);
70402;(417;91);(730;513);(603;547);(581;603);
70403;(417;91);(730;513);(603;547);(581;603);
70404;(417;91);(730;513);(603;547);(581;603);
70405;(417;91);(730;513);(603;547);(581;603);
70406;(417;91);(730;513);(603;547);(581;603);
70407;(417;91);(730;513);(603;547);(581;603);
70408;(417;91);(730;513);(603;547);(581;603);
70409;(417;91);(730;513);(603;547);(581;603);
70410;(417;91);(730;513);(603;547);(581;603);
70411;(417;91);(730;513);(603;547);(581;603);
70412;(417;91);(730;513);(603;547);(581;603);
70413;(417;91);(730;513);(603;547);(581;603);
70414;(417;91);(730;513);(603;547);(581;603);
70415;(417;91);(730;513);(603;547);(581;603);
70416;(417;91);(730;513);(603;547);(581;603);
70417;(417;91);(730;513);(603;547);(581;603);
70418;(417;91);(730;513);(603;547);(581;603);
70419;(417;91);(730;513);(603;547);(581;603);
70420;(417;91);(730;513);(603;547);(581;603);
70421;(417;91);(730;513);(603;547);(581;603);
70422;(417;91);(730;513);(603;547);(581;603);
70423;(417;91);(730;513);(603;547);(581;603);
70424;(417;91);(730;513);(603;547);(581;603);
70425;(417;91);(730;513);(603;547);(581;603);
70426;(417;91);(730;513);(603;547);(581;603);
70427;(417;91);(730;513);(603;547);(581;603);
70428;(417;91);(730;513);(603;547);(581;603);
70429;(417;91);(730;513);(603;547);(581;603);
70430;(417;91);(730;513);(603;547);(581;603);
70431;(417;91);(730;513);(603;547);(581;603);
70432;(417;91);(730;513);(603;547);(581;603);
70433;(417;91);(730;513);(603;547);(581;603);
70434;(417;91);(730;513);(603;547);(581;603);
70435;(417;91);(730;513);(603;547);(581;603);
70436;(417;91);(730;513);(603;547);(581;603);
70437;(417;91);(730;513);(603;547);(581;603);
70438;(417;91);(730;513);(603;547);(581;603);
70439;(417;91);(730;513);(603;547);(581;603);
70440;(417;91);(730;513);(603;547);(581;603);
70441;(417;91);(730;513);(603;547);(581;603);
70442;(417;91);(730;513);(603;547);(581;603);
70443;(417;91);(730;513);(603;547);(581;603);
70444;(417;91);(730;513);(603;547);(581;603);
70445;(417;91);(730;513);(603;547);(581;603);
70446;(417;91);(730;513);(603;547);(581;603);
70447;(417;91);(730;513);(603;547);(581;603);
70448;(417;91);(730;513);(603;547);(581;603);
70449;(417;91);(730;513);(603;547);(581;603);
70450;(417;91);(730;513);(603;547);(581;603);
